id,type,name,short_description,description,price
3380,simple,Protocole pour soulager les Contractures/tensions mollets avec ventouse sŠche,<span>&#x1F4A1;</span> Soulagez les contractures et tensions dans les mollets grƒce … notre protocole sp‚cialis‚. <span>&#129681;</span> Am‚liore la circulation sanguine et favorise la r‚cup‚ration. <span>&#9889;</span>Procure une sensation de l‚gŠret‚ et de bien-ˆtre.,"<span>&#128308;</span> Soulagez les contractures et les tensions dans vos mollets avec notre protocole sp‚cialis‚. Les ventouses appliqu‚es sur les zones cibl‚es aident … d‚tendre les muscles et … r‚duire les douleurs. Grƒce … une meilleure circulation sanguine dans la r‚gion, vous b‚n‚ficierez d'une r‚cup‚ration plus rapide. Ressentez une sensation de l‚gŠret‚ et de bien-ˆtre dans vos mollets grƒce … ce protocole efficace.",29.99
7484,simple,Protocole pour soulager les trapŠzes tendus avec ventouse sŠche,<span>&#x1F4A1;</span> Soulage les tensions dans les trapŠzes et am‚liore la mobilit‚ des ‚paules et du cou. <span>&#128524;</span> Procure un soulagement durable et une d‚tente profonde.,<span>&#128308;</span> Dites adieu aux tensions dans les trapŠzes grƒce … notre protocole sp‚cialis‚. Les ventouses appliqu‚es sur les points cl‚s aident … relƒcher les muscles tendus. R‚duisez les douleurs et am‚liorez votre mobilit‚ au niveau des ‚paules et du cou. Offrez-vous un soulagement durable et une d‚tente profonde grƒce … ce protocole efficace.,29.99
7485,simple,Protocole pour soulager les Migraines avec ventouse sŠche,<span>&#x1F4A1;</span> Soulage les migraines et les tensions. <span>&#127807;</span> Soulagement naturel sans m‚dicaments. <span>&#129497;</span> Favorise le bien-ˆtre g‚n‚ral et la d‚tente.,<span>&#128308;</span> Oubliez les migraines grƒce … notre protocole sp‚cialement con‡u. Les ventouses appliqu‚es sur les points sp‚cifiques du crƒne aident … r‚duire les douleurs et les tensions. Profitez d'un soulagement naturel sans avoir … recourir … des m‚dicaments. Am‚liorez votre bien-ˆtre g‚n‚ral et retrouvez une sensation de calme et de s‚r‚nit‚.,29.99
7486,simple,Protocole pour soulager les Pointe dans le dos avec ventouse sŠche,<span>&#x1F4A1;</span> limine les douleurs dans la pointe du dos. <span>&#128588;</span> Soulage les tensions musculaires. <span>&#128170;</span> Am‚liore la posture et le confort.,<span>&#128308;</span> liminez les douleurs persistantes dans la pointe de votre dos grƒce … notre protocole sp‚cialis‚. Les ventouses cibl‚es aident … d‚tendre les muscles et … soulager les tensions. Am‚liorez votre posture et votre confort au quotidien. Retrouvez une libert‚ de mouvement et une sensation de soulagement durable.,29.99
7487,simple,Protocole pour soulager les Courbatures Biceps avec ventouse sŠche,<span>&#x1F4A1;</span> Soulage les courbatures dans les biceps. <span>&#x1F3CB;&#xFE0F;&zwj;&#x2642;&#xFE0F;</span> Favorise la r‚cup‚ration musculaire. <span>&#9889;</span>Am‚liore la force et la mobilit‚.,<span>&#128308;</span> Dites adieu aux courbatures dans les biceps grƒce … notre protocole sp‚cialis‚. Les ventouses appliqu‚es sur les muscles sollicit‚s aident … favoriser la r‚cup‚ration. R‚duisez les douleurs et retrouvez une force et une mobilit‚ optimales. Profitez d'une meilleure performance lors de vos activit‚s sportives et de vos entraŒnements.,29.99
7488,simple,Protocole pour soulager les Tensions adducteurs avec ventouse sŠche,<span>&#x1F4A1;</span> Soulage les tensions dans les adducteurs. <span>&#x1F3CB;&#xFE0F;&zwj;&#x2640;&#xFE0F;</span>Am‚liore la flexibilit‚ et le confort. <span>&#9889;</span>Soulagement des douleurs et libert‚ de mouvement retrouv‚e.,<span>&#128308;</span> Lib‚rez-vous des tensions dans les adducteurs grƒce … notre protocole sp‚cialis‚. Les ventouses appliqu‚es sur les zones cibl‚es aident … relƒcher les muscles et … r‚duire les tensions. Am‚liorez votre flexibilit‚ et votre confort au niveau de l'aine. Retrouvez une libert‚ de mouvement et soulagez les douleurs associ‚es aux tensions des adducteurs.,29.99
7490,simple,Protocole pour soulager les Douleurs lombaires avec ventouse sŠche,<span>&#x1F4A1;</span> Soulage les douleurs lombaires. <span>&#127775;</span> Am‚liore la posture et le confort. <span>&#128588;</span> Procure un soulagement durable pour une meilleure qualit‚ de vie.,"<span>&#128308;</span> Dites adieu aux douleurs lombaires grƒce … notre protocole sp‚cialis‚. Les ventouses appliqu‚es sur les zones lombaires aident … soulager les douleurs et … d‚tendre les muscles. Am‚liorez votre posture, r‚duisez les inconforts et retrouvez une meilleure qualit‚ de vie. Profitez d'une sensation de soulagement et de bien-ˆtre durable.",29.99
7492,simple,Protocole pour soulager les Courbatures ischio-jambiers avec ventouse sŠche,<span>&#x1F4A1;</span> Soulage les courbatures des ischio-jambiers. <span>&#x1F3C3;&zwj;&#x2642;&#xFE0F;</span> Am‚liore la souplesse et la mobilit‚. <span>&#9889;</span>Favorise la r‚cup‚ration musculaire pour une meilleure performance.,<span>&#128308;</span> Dites adieu aux courbatures dans les ischio-jambiers grƒce … notre protocole sp‚cialis‚. Les ventouses appliqu‚es sur les muscles sollicit‚s aident … am‚liorer la r‚cup‚ration musculaire et … r‚duire les douleurs. Am‚liorez votre souplesse et votre mobilit‚ au niveau des jambes. Retrouvez un soulagement rapide et une meilleure performance lors de vos activit‚s physiques.,29.99
7494,simple,Protocole pour soulager les Courbatures ‚paules avec ventouse sŠche,<span>&#x1F4A1;</span> Soulage les courbatures aux ‚paules. <span>&#x1F3CB;&#xFE0F;&zwj;&#x2640;&#xFE0F;</span>Am‚liore la mobilit‚ et le confort. <span>&#128524;</span> Procure une sensation de l‚gŠret‚ et de bien-ˆtre.,<span>&#128308;</span> Soulagez les courbatures aux ‚paules grƒce … notre protocole sp‚cialis‚. Les ventouses appliqu‚es sur les zones cibl‚es aident … d‚tendre les muscles et … r‚duire les douleurs. Am‚liorez votre mobilit‚ et votre confort au niveau des ‚paules. Retrouvez une sensation de l‚gŠret‚ et de bien-ˆtre dans cette zone souvent sujette aux tensions musculaires.,29.99
7496,simple,Protocole pour soulager les Tensions cervicales avec ventouse sŠche,<span>&#x1F4A1;</span> Soulage les tensions cervicales. <span>&#127807;</span> Am‚liore la posture et la mobilit‚. <span>&#128524;</span> Procure une relaxation profonde et un soulagement durable.,<span>&#128308;</span> Oubliez les tensions cervicales grƒce … notre protocole sp‚cialis‚. Les ventouses appliqu‚es sur les points cl‚s aident … d‚tendre les muscles et … soulager les douleurs au niveau du cou. Am‚liorez votre posture et retrouvez une mobilit‚ sans inconfort. Profitez d'une relaxation profonde et d'un soulagement durable des tensions cervicales.,29.99
7529,simple,Protocole pour soulager les douleurs aux genoux avec ventouse sŠche,"<span>&#x1F4A1;</span> Soulage les douleurs aux genoux avec des ventouses sŠches. <span>&#x1F3CB;&#xFE0F;&zwj;&#x2640;&#xFE0F;</span>
 Am‚liore la circulation sanguine et la mobilit‚. <span>&#9889;</span> Procure un soulagement naturel et durable.","<span>&#128308;</span> Soulagez efficacement les douleurs aux genoux grƒce … notre protocole
 sp‚cialis‚ utilisant des ventouses sŠches. Les ventouses appliqu‚es sur
 les zones cibl‚es aident … am‚liorer la circulation sanguine et … 
r‚duire les douleurs articulaires. Profitez d'un soulagement naturel et 
d'une meilleure mobilit‚ au niveau de vos genoux, vous permettant de 
retrouver votre rythme de vie habituel.",29.99
7530,simple,"Protocole pour soulager le Stress ""Boule au ventre"" avec ventouse sŠche",<span>&#x1F4A1;</span> Soulage les douleurs lombaires. <span>&#127775;</span> Am‚liore la posture et le confort. <span>&#128588;</span> Procure un soulagement durable pour une meilleure qualit‚ de vie.,"<span>&#128308;</span> Dites adieu au stress et … la sensation de ""boule au ventre"" grƒce … notre protocole sp‚cialis‚ utilisant des ventouses sŠches. Les ventouses appliqu‚es sur les points cl‚s aident … d‚tendre les muscles abdominaux, … favoriser la relaxation et … r‚duire les sensations d'inconfort. Retrouvez un ‚quilibre ‚motionnel et une s‚r‚nit‚ int‚rieure grƒce … cette technique apaisante.",29.99
7531,simple,Protocole pour soulager les Jambes dessin avec ventouse sŠche,<span>&#x1F4A1;</span> Soulage les jambes dessin avec des ventouses sŠches. <span>&#9889;</span>Stimule la circulation sanguine et r‚duit la sensation de lourdeur. <span>&#128170;</span> Procure des jambes l‚gŠres et ‚nergis‚es.,"<span>&#128308;</span> Soulagez les jambes lourdes et fatigu‚es grƒce … notre protocole sp‚cialis‚ utilisant des ventouses sŠches. Les ventouses appliqu‚es sur les jambes aident … stimuler la circulation sanguine, … r‚duire les sensations de lourdeur et … favoriser une meilleure r‚cup‚ration musculaire. Retrouvez des jambes l‚gŠres, ‚nergis‚es et prˆtes … affronter votre quotidien.",29.99
7533,simple,Protocole pour soulager les Sciatique avec ventouse sŠche,<span>&#x1F4A1;</span> Soulage la sciatique avec des ventouses sŠches. <span>&#127807;</span> R‚duit l'inflammation et la pression sur le nerf sciatique. <span>&#128524;</span> Procure un soulagement durable pour une meilleure qualit‚ de vie.,"<span>&#128308;</span> Dites adieu aux douleurs de la sciatique grƒce … notre protocole sp‚cialis‚ utilisant des ventouses sŠches. Les ventouses appliqu‚es sur les zones cibl‚es aident … r‚duire l'inflammation, … soulager la pression sur le nerf sciatique et … att‚nuer les douleurs. Retrouvez un soulagement durable et une meilleure qualit‚ de vie en vous lib‚rant des contraintes de la sciatique.",29.99
7534,simple,Protocole : Mollets avec ventouse sŠche,<span>&#x1F4A1;</span> Prend soin des mollets avec des ventouses sŠches. <span>&#x1F3CB;&#xFE0F;&zwj;&#x2640;&#xFE0F;</span> Am‚liore la circulation sanguine et la r‚cup‚ration musculaire. <span>&#9889;</span>Procure une sensation de l‚gŠret‚ et soulage les douleurs.,"<span>&#128308;</span> Prenez soin de vos mollets grƒce … notre protocole sp‚cialis‚ utilisant des ventouses sŠches. Les ventouses appliqu‚es sur les mollets ciblent les muscles tendus, am‚liorent la circulation sanguine et favorisent une r‚cup‚ration plus rapide. Soulagez les douleurs, d‚tendez vos muscles et retrouvez une sensation de l‚gŠret‚ dans vos mollets.",29.99
7535,simple,Protocole pour soulager les Milieu dos avec ventouse sŠche,"<span>&#x1F4A1;</span> Soulage les douleurs au milieu du dos avec des ventouses sŠches. <span>&#128524;</span> D‚tend les muscles, r‚duit les tensions et am‚liore la mobilit‚. <span>&#127775;</span> Procure un soulagement durable et favorise une bonne posture.","<span>&#128308;</span> Soulagez les douleurs au milieu du dos grƒce … notre protocole sp‚cialis‚ utilisant des ventouses sŠches. Les ventouses appliqu‚es sur les zones cibl‚es aident … d‚tendre les muscles, … r‚duire les tensions et … am‚liorer la mobilit‚ dans cette r‚gion. Retrouvez un soulagement durable et une meilleure posture pour un dos en bonne sant‚.",29.99
7537,simple,Protocole pour soulager les Lombaires sans hernie discale avec ventouse sŠche,"<span>&#x1F4A1;</span> Soulage les douleurs lombaires sans hernie discale avec des ventouses sŠches. <span>&#9889;</span>D‚tend les muscles, r‚duit l'inflammation et soulage les douleurs. <span>&#128524;</span> Am‚liore le confort et la qualit‚ de vie.","<span>&#128308;</span> Soulagez les douleurs lombaires sans hernie discale grƒce … notre protocole sp‚cialis‚ utilisant des ventouses sŠches. Les ventouses appliqu‚es sur les lombaires ciblent les muscles et les tissus en profondeur, favorisant la d‚tente, r‚duisant l'inflammation et soulageant les douleurs. Retrouvez un confort au niveau des lombaires et am‚liorez votre qualit‚ de vie.",29.99
7539,simple,Protocole pour soulager les Adducteurs isol‚s avec ventouse sŠche,<span>&#x1F4A1;</span> Soulage les tensions et douleurs des adducteurs isol‚s avec des ventouses sŠches. <span>&#x1F3CB;&#xFE0F;&zwj;&#x2640;&#xFE0F;</span>Am‚liore la circulation sanguine et la r‚cup‚ration musculaire. <span>&#9889;</span>Favorise une meilleure mobilit‚ et des performances accrues.,"<span>&#128308;</span> Soulagez les tensions et les douleurs des adducteurs isol‚s grƒce … notre protocole sp‚cialis‚ utilisant des ventouses sŠches. Les ventouses appliqu‚es sur les zones cibl‚es aident … d‚tendre les muscles, … am‚liorer la circulation sanguine et … favoriser une r‚cup‚ration plus rapide. Retrouvez une meilleure mobilit‚, r‚duisez les inconforts et augmentez vos performances.",29.99
7541,simple,Protocole pour soulager les Adducteurs pubalgie avec ventouse sŠche,"<span>&#x1F4A1;</span> Soulage les douleurs de la pubalgie au niveau des adducteurs avec des ventouses sŠches. <span>&#128524;</span> D‚tend les muscles, r‚duit les inflammations et soulage les douleurs. <span>&#127775;</span> Am‚liore la mobilit‚ et permet un retour aux activit‚s habituelles.","<span>&#128308;</span> Soulagez les douleurs de la pubalgie au niveau des adducteurs grƒce … notre protocole sp‚cialis‚ utilisant des ventouses sŠches. Les ventouses appliqu‚es sur les zones cibl‚es aident … d‚tendre les muscles, … r‚duire les inflammations et … soulager les douleurs associ‚es … la pubalgie. Retrouvez une meilleure mobilit‚, un soulagement efficace et un retour … vos activit‚s quotidiennes.",29.99
7543,simple,Protocole pour soulager les Courbatures ‚paules arriŠre avec ventouse sŠche,"<span>&#x1F4A1;</span> Soulage les courbatures … l'arriŠre des ‚paules avec des ventouses sŠches. <span>&#9889;</span>D‚tend les muscles, am‚liore la circulation sanguine et favorise la r‚cup‚ration. <span>&#128524;</span> Procure une mobilit‚ accrue et une sensation de bien-ˆtre.","<span>&#128308;</span> Soulagez les courbatures … l'arriŠre des ‚paules grƒce … notre protocole sp‚cialis‚ utilisant des ventouses sŠches. Les ventouses appliqu‚es sur les zones cibl‚es aident … d‚tendre les muscles, … am‚liorer la circulation sanguine et … favoriser une r‚cup‚ration plus rapide. Retrouvez un soulagement efficace, une mobilit‚ accrue et une sensation de bien-ˆtre dans la zone des ‚paules.",29.99
7544,simple,Protocole pour soulager les Courbatures ‚paules avant avec ventouse sŠche,"<span>&#x1F4A1;</span> Soulage les courbatures … l'avant des ‚paules avec des ventouses sŠches. <span>&#9889;</span>D‚tend les muscles, am‚liore la circulation sanguine et favorise la r‚cup‚ration. <span>&#128524;</span> Procure une mobilit‚ accrue et une sensation de bien-ˆtre.","<span>&#128308;</span> Soulagez les courbatures … l'avant des ‚paules grƒce … notre protocole sp‚cialis‚ utilisant des ventouses sŠches. Les ventouses appliqu‚es sur les zones cibl‚es aident … d‚tendre les muscles, … am‚liorer la circulation sanguine et … favoriser une r‚cup‚ration plus rapide. Retrouvez un soulagement efficace, une mobilit‚ accrue et une sensation de bien-ˆtre dans la zone des ‚paules.",29.99
7548,simple,Protocole pour soulager les Courbatures ischios avec ventouse sŠche,"<span>&#x1F4A1;</span> Soulage les courbatures aux ischio-jambiers avec des ventouses sŠches. <span>&#9889;</span>D‚tend les muscles, am‚liore la circulation sanguine et favorise la r‚cup‚ration. <span>&#128524;</span> Procure une mobilit‚ accrue et un confort.","<span>&#128308;</span> Soulagez les courbatures aux ischio-jambiers grƒce … notre protocole sp‚cialis‚ utilisant des ventouses sŠches. Les ventouses appliqu‚es sur les zones cibl‚es aident … d‚tendre les muscles, … am‚liorer la circulation sanguine et … favoriser une r‚cup‚ration plus rapide. Retrouvez un soulagement efficace, une mobilit‚ accrue et un confort dans la zone des ischio-jambiers.",29.99
7550,simple,Protocole pour soulager les Courbatures pectoraux avec ventouse sŠche,"<span>&#x1F4A1;</span> Soulage les courbatures au niveau des pectoraux avec des ventouses sŠches. <span>&#9889;</span>D‚tend les muscles, am‚liore la circulation sanguine et favorise la r‚cup‚ration. <span>&#128524;</span> Procure une mobilit‚ accrue et une sensation de bien-ˆtre.","<span>&#128308;</span> Soulagez les courbatures au niveau des pectoraux grƒce … notre protocole sp‚cialis‚ utilisant des ventouses sŠches. Les ventouses appliqu‚es sur les zones cibl‚es aident … d‚tendre les muscles, … am‚liorer la circulation sanguine et … favoriser une r‚cup‚ration plus rapide. Retrouvez un soulagement efficace, une mobilit‚ accrue et une sensation de bien-ˆtre dans la zone des pectoraux.",29.99
7552,simple,Protocole pour soulager les Courbatures quadri_oedemes KB-2 avec ventouse sŠche,"<span>&#x1F4A1;</span> Soulage les courbatures des quadriceps et les ?dŠmes avec des ventouses sŠches. <span>&#9889;</span>D‚tend les muscles, am‚liore la circulation sanguine et r‚duit les inflammations. <span>&#128524;</span> Procure un soulagement efficace et des jambes revitalis‚es.","<span>&#128308;</span> Soulagez les courbatures des quadriceps et des ?dŠmes avec notre protocole sp‚cialis‚ utilisant des ventouses sŠches. Les ventouses appliqu‚es sur les zones cibl‚es aident … d‚tendre les muscles, … am‚liorer la circulation sanguine et … r‚duire les inflammations. Retrouvez un soulagement efficace, une r‚cup‚ration rapide et des jambes revitalis‚es.",29.99
7553,simple,Protocole pour soulager les Courbatures quadriceps avec ventouse sŠche,"<span>&#x1F4A1;</span> Soulage les courbatures des quadriceps avec des ventouses sŠches. <span>&#9889;</span>D‚tend les muscles, am‚liore la circulation sanguine et favorise la r‚cup‚ration. <span>&#128524;</span> Procure une mobilit‚ accrue et une sensation de bien-ˆtre.","<span>&#128308;</span> Soulagez les courbatures des quadriceps grƒce … notre protocole sp‚cialis‚ utilisant des ventouses sŠches. Les ventouses appliqu‚es sur les zones cibl‚es aident … d‚tendre les muscles, … am‚liorer la circulation sanguine et … favoriser une r‚cup‚ration plus rapide. Retrouvez un soulagement efficace, une mobilit‚ accrue et une sensation de bien-ˆtre dans la zone des quadriceps.",29.99
7554,simple,Protocole pour soulager les Contracture/tension mollets avec ventouse sŠche,"<span>&#x1F4A1;</span> Soulage les contractures et tensions au niveau des mollets avec des ventouses sŠches. <span>&#9889;</span>D‚tend les muscles, am‚liore la circulation sanguine et favorise la r‚cup‚ration. <span>&#128524;</span> Procure une mobilit‚ accrue et un confort.","<span>&#128308;</span> Soulagez les contractures et tensions au niveau des mollets grƒce … notre protocole sp‚cialis‚ utilisant des ventouses sŠches. Les ventouses appliqu‚es sur les zones cibl‚es aident … d‚tendre les muscles, … am‚liorer la circulation sanguine et … favoriser une r‚cup‚ration plus rapide. Retrouvez un soulagement efficace, une mobilit‚ accrue et un confort dans la zone des mollets.",29.99
